REGION	POS	REF	ALT	REF_DP	REF_RV	REF_QUAL	ALT_DP	ALT_RV	ALT_QUAL	ALT_FREQ	TOTAL_DP	PVAL	PASS	GFF_FEATURE	REF_CODON	REF_AA	ALT_CODON	ALT_AA	POS_AA
SRX17852108	685	A	-AAGTCATTT	4196	2247	38	136	0	20	0.032381	4200	1.17229e-12	TRUE	NA	NA	NA	NA	NA	NA
SRX17852108	1031	G	A	1907	7	38	39	0	20	0.0200411	1946	0.005655	TRUE	orf1ab:cds-QHD43415.1	GAA	E	AAA	K	256
SRX17852108	2832	G	A	2311	1843	38	248	15	38	0.0969129	2559	2.51095e-74	TRUE	orf1ab:cds-QHD43415.1	AGG	R	AAG	K	856
SRX17852108	3770	G	A	4479	0	38	79	0	20	0.0173322	4558	0.00132449	TRUE	orf1ab:cds-QHD43415.1	GTT	V	ATT	I	1169
SRX17852108	4399	G	A	1233	4	38	32	0	20	0.0252964	1265	0.00170233	TRUE	orf1ab:cds-QHD43415.1	ATG	M	ATA	I	1378
SRX17852108	4931	C	T	2919	2913	38	60	60	20	0.020141	2979	0.00060421	TRUE	orf1ab:cds-QHD43415.1	CTT	L	TTT	F	1556
SRX17852108	5310	C	T	1235	1	38	19	0	38	0.0151515	1254	1.89637e-05	TRUE	orf1ab:cds-QHD43415.1	ACA	T	ATA	I	1682
SRX17852108	6449	C	T	2750	2673	38	34	34	38	0.0122126	2784	8.3243e-09	TRUE	orf1ab:cds-QHD43415.1	CTT	L	TTT	F	2062
SRX17852108	8081	G	A	7288	7	38	148	0	20	0.0199032	7436	2.54341e-07	TRUE	orf1ab:cds-QHD43415.1	GAA	E	AAA	K	2606
SRX17852108	8390	R	A	0	0	0	2409	3	38	1	2409	0	TRUE	orf1ab:cds-QHD43415.1	RCT	X	ACT	T	2709
SRX17852108	11071	C	-T	3546	1003	38	76	0	20	0.0213783	3555	8.27667e-05	TRUE	NA	NA	NA	NA	NA	NA
SRX17852108	11071	C	+T	3546	1003	38	82	0	20	0.0230661	3555	1.1623e-05	TRUE	NA	NA	NA	NA	NA	NA
SRX17852108	11084	G	A	3480	997	38	61	0	20	0.0172219	3542	0.00482127	TRUE	orf1ab:cds-QHD43415.1	GAA	E	AAA	K	3607
SRX17852108	15642	Y	T	0	0	0	762	0	38	0.302501	2519	0	TRUE	orf1ab:cds-QHD43415.1	GAY	X	GAT	D	725
SRX17852108	15642	Y	C	0	0	0	1757	3	38	0.697499	2519	0	TRUE	orf1ab:cds-QHD43415.1	GAY	X	GAC	D	725
SRX17852108	18422	A	G	5038	2487	38	61	30	37	0.0119631	5099	5.14669e-14	TRUE	orf1ab:cds-QHD43415.1	GAT	D	GGT	G	1652
SRX17852108	23833	C	A	1200	6	33	286	282	38	0.192463	1486	1.75408e-91	TRUE	S:cds-QHD43416.1	AAC	N	AAA	K	757
SRX17852108	28482	C	T	2266	2262	38	54	54	20	0.0232759	2320	0.00024229	TRUE	N:cds-QHD43423.2	CCA	P	CTA	L	70
SRX17852108	28673	G	A	5340	2644	37	67	34	38	0.0123913	5407	1.77947e-15	TRUE	N:cds-QHD43423.2	GAT	D	AAT	N	134
